datetime,aqi,co,no,no2,o3,so2,pm2_5,pm10,nh3,hour,day,month,day_of_week,hour_sin,hour_cos,aqi_lag_1,aqi_lag_3,aqi_lag_6,aqi_rolling_mean,aqi_rolling_std,aqi_change,pm25_pm10_ratio,no2_so2_ratio,aqi_class
2026-05-12 17:15:59.295266,3,95.22,0.01,0.06,67.04,0.37,23.08,82.21,0,17,12,5,1,-0.9659258262890683,-0.25881904510252063,3.0,,,3.0,0.0,0.0,0.28074443156861173,0.16216172388723274,1
2026-05-12 17:19:09.921171,3,95.22,0.01,0.06,67.04,0.37,23.08,82.21,0,17,12,5,1,-0.9659258262890683,-0.25881904510252063,3.0,,,3.0,0.0,0.0,0.28074443156861173,0.16216172388723274,1
2026-05-12 17:30:05.717622,3,95.53,0.01,0.07,67.52,0.38,23.46,85.69,0,17,12,5,1,-0.9659258262890683,-0.25881904510252063,3.0,3.0,,3.0,0.0,0.0,0.27377756711661144,0.18421004155252227,1
2026-05-12 17:32:16.861495,3,95.53,0.01,0.07,67.52,0.38,23.46,85.69,0,17,12,5,1,-0.9659258262890683,-0.25881904510252063,3.0,3.0,,3.0,0.0,0.0,0.27377756711661144,0.18421004155252227,1
2026-05-12 17:34:23.831373,3,95.53,0.01,0.07,67.52,0.38,23.46,85.69,0,17,12,5,1,-0.9659258262890683,-0.25881904510252063,3.0,3.0,,3.0,0.0,0.0,0.27377756711661144,0.18421004155252227,1
2026-05-12 17:35:39.811084,3,95.53,0.01,0.07,67.52,0.38,23.46,85.69,0,17,12,5,1,-0.9659258262890683,-0.25881904510252063,3.0,3.0,3.0,3.0,0.0,0.0,0.27377756711661144,0.18421004155252227,1
2026-05-12 17:35:45.122796,3,95.53,0.01,0.07,67.52,0.38,23.46,85.69,0,17,12,5,1,-0.9659258262890683,-0.25881904510252063,3.0,3.0,3.0,3.0,0.0,0.0,0.27377756711661144,0.18421004155252227,1
2026-05-12 17:35:50.305366,3,95.53,0.01,0.07,67.52,0.38,23.46,85.69,0,17,12,5,1,-0.9659258262890683,-0.25881904510252063,3.0,3.0,3.0,3.0,0.0,0.0,0.27377756711661144,0.18421004155252227,1
2026-05-12 17:35:55.492783,3,95.53,0.01,0.07,67.52,0.38,23.46,85.69,0,17,12,5,1,-0.9659258262890683,-0.25881904510252063,3.0,3.0,3.0,3.0,0.0,0.0,0.27377756711661144,0.18421004155252227,1
2026-05-12 17:36:00.677830,3,95.53,0.01,0.07,67.52,0.38,23.46,85.69,0,17,12,5,1,-0.9659258262890683,-0.25881904510252063,3.0,3.0,3.0,3.0,0.0,0.0,0.27377756711661144,0.18421004155252227,1
2026-05-12 17:36:05.872239,3,95.53,0.01,0.07,67.52,0.38,23.46,85.69,0,17,12,5,1,-0.9659258262890683,-0.25881904510252063,3.0,3.0,3.0,3.0,0.0,0.0,0.27377756711661144,0.18421004155252227,1
2026-05-12 17:36:11.162988,3,95.53,0.01,0.07,67.52,0.38,23.46,85.69,0,17,12,5,1,-0.9659258262890683,-0.25881904510252063,3.0,3.0,3.0,3.0,0.0,0.0,0.27377756711661144,0.18421004155252227,1
2026-05-12 17:36:16.340341,3,95.53,0.01,0.07,67.52,0.38,23.46,85.69,0,17,12,5,1,-0.9659258262890683,-0.25881904510252063,3.0,3.0,3.0,3.0,0.0,0.0,0.27377756711661144,0.18421004155252227,1
2026-05-12 17:36:21.507117,3,95.53,0.01,0.07,67.52,0.38,23.46,85.69,0,17,12,5,1,-0.9659258262890683,-0.25881904510252063,3.0,3.0,3.0,3.0,0.0,0.0,0.27377756711661144,0.18421004155252227,1
2026-05-12 17:36:26.703468,3,95.53,0.01,0.07,67.52,0.38,23.46,85.69,0,17,12,5,1,-0.9659258262890683,-0.25881904510252063,3.0,3.0,3.0,3.0,0.0,0.0,0.27377756711661144,0.18421004155252227,1
2026-05-12 17:36:31.922106,3,95.53,0.01,0.07,67.52,0.38,23.46,85.69,0,17,12,5,1,-0.9659258262890683,-0.25881904510252063,3.0,3.0,3.0,3.0,0.0,0.0,0.27377756711661144,0.18421004155252227,1
2026-05-12 17:36:37.136351,3,95.53,0.01,0.07,67.52,0.38,23.46,85.69,0,17,12,5,1,-0.9659258262890683,-0.25881904510252063,3.0,3.0,3.0,3.0,0.0,0.0,0.27377756711661144,0.18421004155252227,1
2026-05-12 17:36:42.332822,3,95.53,0.01,0.07,67.52,0.38,23.46,85.69,0,17,12,5,1,-0.9659258262890683,-0.25881904510252063,3.0,3.0,3.0,3.0,0.0,0.0,0.27377756711661144,0.18421004155252227,1
2026-05-12 17:36:47.601751,3,95.53,0.01,0.07,67.52,0.38,23.46,85.69,0,17,12,5,1,-0.9659258262890683,-0.25881904510252063,3.0,3.0,3.0,3.0,0.0,0.0,0.27377756711661144,0.18421004155252227,1
2026-05-12 17:36:52.778226,3,95.53,0.01,0.07,67.52,0.38,23.46,85.69,0,17,12,5,1,-0.9659258262890683,-0.25881904510252063,3.0,3.0,3.0,3.0,0.0,0.0,0.27377756711661144,0.18421004155252227,1
2026-05-12 17:36:57.993782,3,95.53,0.01,0.07,67.52,0.38,23.46,85.69,0,17,12,5,1,-0.9659258262890683,-0.25881904510252063,3.0,3.0,3.0,3.0,0.0,0.0,0.27377756711661144,0.18421004155252227,1
2026-05-12 17:37:03.195087,3,95.53,0.01,0.07,67.52,0.38,23.46,85.69,0,17,12,5,1,-0.9659258262890683,-0.25881904510252063,3.0,3.0,3.0,3.0,0.0,0.0,0.27377756711661144,0.18421004155252227,1
2026-05-12 17:37:08.414822,3,95.53,0.01,0.07,67.52,0.38,23.46,85.69,0,17,12,5,1,-0.9659258262890683,-0.25881904510252063,3.0,3.0,3.0,3.0,0.0,0.0,0.27377756711661144,0.18421004155252227,1
2026-05-12 17:37:13.597050,3,95.53,0.01,0.07,67.52,0.38,23.46,85.69,0,17,12,5,1,-0.9659258262890683,-0.25881904510252063,3.0,3.0,3.0,3.0,0.0,0.0,0.27377756711661144,0.18421004155252227,1
2026-05-12 17:37:18.845279,3,95.53,0.01,0.07,67.52,0.38,23.46,85.69,0,17,12,5,1,-0.9659258262890683,-0.25881904510252063,3.0,3.0,3.0,3.0,0.0,0.0,0.27377756711661144,0.18421004155252227,1
2026-05-12 17:37:24.044307,3,95.53,0.01,0.07,67.52,0.38,23.46,85.69,0,17,12,5,1,-0.9659258262890683,-0.25881904510252063,3.0,3.0,3.0,3.0,0.0,0.0,0.27377756711661144,0.18421004155252227,1
2026-05-12 17:37:29.222064,3,95.53,0.01,0.07,67.52,0.38,23.46,85.69,0,17,12,5,1,-0.9659258262890683,-0.25881904510252063,3.0,3.0,3.0,3.0,0.0,0.0,0.27377756711661144,0.18421004155252227,1
2026-05-12 17:37:34.401042,3,95.53,0.01,0.07,67.52,0.38,23.46,85.69,0,17,12,5,1,-0.9659258262890683,-0.25881904510252063,3.0,3.0,3.0,3.0,0.0,0.0,0.27377756711661144,0.18421004155252227,1
2026-05-12 17:37:39.607750,3,95.53,0.01,0.07,67.52,0.38,23.46,85.69,0,17,12,5,1,-0.9659258262890683,-0.25881904510252063,3.0,3.0,3.0,3.0,0.0,0.0,0.27377756711661144,0.18421004155252227,1
2026-05-12 17:37:44.840621,3,95.53,0.01,0.07,67.52,0.38,23.46,85.69,0,17,12,5,1,-0.9659258262890683,-0.25881904510252063,3.0,3.0,3.0,3.0,0.0,0.0,0.27377756711661144,0.18421004155252227,1
2026-05-12 17:37:50.015519,3,95.53,0.01,0.07,67.52,0.38,23.46,85.69,0,17,12,5,1,-0.9659258262890683,-0.25881904510252063,3.0,3.0,3.0,3.0,0.0,0.0,0.27377756711661144,0.18421004155252227,1
2026-05-12 17:37:55.230588,3,95.53,0.01,0.07,67.52,0.38,23.46,85.69,0,17,12,5,1,-0.9659258262890683,-0.25881904510252063,3.0,3.0,3.0,3.0,0.0,0.0,0.27377756711661144,0.18421004155252227,1
2026-05-12 17:38:00.433890,3,95.53,0.01,0.07,67.52,0.38,23.46,85.69,0,17,12,5,1,-0.9659258262890683,-0.25881904510252063,3.0,3.0,3.0,3.0,0.0,0.0,0.27377756711661144,0.18421004155252227,1
2026-05-12 17:38:05.637293,3,95.53,0.01,0.07,67.52,0.38,23.46,85.69,0,17,12,5,1,-0.9659258262890683,-0.25881904510252063,3.0,3.0,3.0,3.0,0.0,0.0,0.27377756711661144,0.18421004155252227,1
2026-05-12 17:38:10.800747,3,95.53,0.01,0.07,67.52,0.38,23.46,85.69,0,17,12,5,1,-0.9659258262890683,-0.25881904510252063,3.0,3.0,3.0,3.0,0.0,0.0,0.27377756711661144,0.18421004155252227,1
2026-05-12 17:38:16.020226,3,95.53,0.01,0.07,67.52,0.38,23.46,85.69,0,17,12,5,1,-0.9659258262890683,-0.25881904510252063,3.0,3.0,3.0,3.0,0.0,0.0,0.27377756711661144,0.18421004155252227,1
2026-05-12 17:38:21.244046,3,95.53,0.01,0.07,67.52,0.38,23.46,85.69,0,17,12,5,1,-0.9659258262890683,-0.25881904510252063,3.0,3.0,3.0,3.0,0.0,0.0,0.27377756711661144,0.18421004155252227,1
2026-05-12 17:38:26.450156,3,95.53,0.01,0.07,67.52,0.38,23.46,85.69,0,17,12,5,1,-0.9659258262890683,-0.25881904510252063,3.0,3.0,3.0,3.0,0.0,0.0,0.27377756711661144,0.18421004155252227,1
2026-05-12 17:38:31.667497,3,95.53,0.01,0.07,67.52,0.38,23.46,85.69,0,17,12,5,1,-0.9659258262890683,-0.25881904510252063,3.0,3.0,3.0,3.0,0.0,0.0,0.27377756711661144,0.18421004155252227,1
2026-05-12 17:38:36.853225,3,95.53,0.01,0.07,67.52,0.38,23.46,85.69,0,17,12,5,1,-0.9659258262890683,-0.25881904510252063,3.0,3.0,3.0,3.0,0.0,0.0,0.27377756711661144,0.18421004155252227,1
2026-05-12 17:38:42.098175,3,95.53,0.01,0.07,67.52,0.38,23.46,85.69,0,17,12,5,1,-0.9659258262890683,-0.25881904510252063,3.0,3.0,3.0,3.0,0.0,0.0,0.27377756711661144,0.18421004155252227,1
2026-05-12 17:38:47.273738,3,95.53,0.01,0.07,67.52,0.38,23.46,85.69,0,17,12,5,1,-0.9659258262890683,-0.25881904510252063,3.0,3.0,3.0,3.0,0.0,0.0,0.27377756711661144,0.18421004155252227,1
2026-05-12 17:38:52.482181,3,95.53,0.01,0.07,67.52,0.38,23.46,85.69,0,17,12,5,1,-0.9659258262890683,-0.25881904510252063,3.0,3.0,3.0,3.0,0.0,0.0,0.27377756711661144,0.18421004155252227,1
2026-05-12 17:38:57.701900,3,95.53,0.01,0.07,67.52,0.38,23.46,85.69,0,17,12,5,1,-0.9659258262890683,-0.25881904510252063,3.0,3.0,3.0,3.0,0.0,0.0,0.27377756711661144,0.18421004155252227,1
2026-05-12 17:39:02.954001,3,95.53,0.01,0.07,67.52,0.38,23.46,85.69,0,17,12,5,1,-0.9659258262890683,-0.25881904510252063,3.0,3.0,3.0,3.0,0.0,0.0,0.27377756711661144,0.18421004155252227,1
2026-05-12 17:39:08.157765,3,95.53,0.01,0.07,67.52,0.38,23.46,85.69,0,17,12,5,1,-0.9659258262890683,-0.25881904510252063,3.0,3.0,3.0,3.0,0.0,0.0,0.27377756711661144,0.18421004155252227,1
2026-05-12 17:39:13.339307,3,95.53,0.01,0.07,67.52,0.38,23.46,85.69,0,17,12,5,1,-0.9659258262890683,-0.25881904510252063,3.0,3.0,3.0,3.0,0.0,0.0,0.27377756711661144,0.18421004155252227,1
2026-05-12 17:39:18.639742,3,95.53,0.01,0.07,67.52,0.38,23.46,85.69,0,17,12,5,1,-0.9659258262890683,-0.25881904510252063,3.0,3.0,3.0,3.0,0.0,0.0,0.27377756711661144,0.18421004155252227,1
2026-05-12 17:39:24.488807,3,95.53,0.01,0.07,67.52,0.38,23.46,85.69,0,17,12,5,1,-0.9659258262890683,-0.25881904510252063,3.0,3.0,3.0,3.0,0.0,0.0,0.27377756711661144,0.18421004155252227,1
2026-05-12 17:39:29.673519,3,95.53,0.01,0.07,67.52,0.38,23.46,85.69,0,17,12,5,1,-0.9659258262890683,-0.25881904510252063,3.0,3.0,3.0,3.0,0.0,0.0,0.27377756711661144,0.18421004155252227,1
2026-05-12 17:39:34.885953,3,95.53,0.01,0.07,67.52,0.38,23.46,85.69,0,17,12,5,1,-0.9659258262890683,-0.25881904510252063,3.0,3.0,3.0,3.0,0.0,0.0,0.27377756711661144,0.18421004155252227,1
2026-05-12 17:39:40.214788,3,95.53,0.01,0.07,67.52,0.38,23.46,85.69,0,17,12,5,1,-0.9659258262890683,-0.25881904510252063,3.0,3.0,3.0,3.0,0.0,0.0,0.27377756711661144,0.18421004155252227,1
2026-05-12 17:39:45.422907,3,95.53,0.01,0.07,67.52,0.38,23.46,85.69,0,17,12,5,1,-0.9659258262890683,-0.25881904510252063,3.0,3.0,3.0,3.0,0.0,0.0,0.27377756711661144,0.18421004155252227,1
2026-05-12 17:39:50.613782,3,95.53,0.01,0.07,67.52,0.38,23.46,85.69,0,17,12,5,1,-0.9659258262890683,-0.25881904510252063,3.0,3.0,3.0,3.0,0.0,0.0,0.27377756711661144,0.18421004155252227,1
2026-05-12 17:39:55.815227,3,95.53,0.01,0.07,67.52,0.38,23.46,85.69,0,17,12,5,1,-0.9659258262890683,-0.25881904510252063,3.0,3.0,3.0,3.0,0.0,0.0,0.27377756711661144,0.18421004155252227,1
2026-05-12 17:40:00.989285,3,95.53,0.01,0.07,67.52,0.38,23.46,85.69,0,17,12,5,1,-0.9659258262890683,-0.25881904510252063,3.0,3.0,3.0,3.0,0.0,0.0,0.27377756711661144,0.18421004155252227,1
2026-05-12 17:40:06.196255,3,95.53,0.01,0.07,67.52,0.38,23.46,85.69,0,17,12,5,1,-0.9659258262890683,-0.25881904510252063,3.0,3.0,3.0,3.0,0.0,0.0,0.27377756711661144,0.18421004155252227,1
2026-05-12 17:40:11.444738,3,95.53,0.01,0.07,67.52,0.38,23.46,85.69,0,17,12,5,1,-0.9659258262890683,-0.25881904510252063,3.0,3.0,3.0,3.0,0.0,0.0,0.27377756711661144,0.18421004155252227,1
2026-05-12 17:40:16.674705,3,95.53,0.01,0.07,67.52,0.38,23.46,85.69,0,17,12,5,1,-0.9659258262890683,-0.25881904510252063,3.0,3.0,3.0,3.0,0.0,0.0,0.27377756711661144,0.18421004155252227,1
2026-05-12 17:40:21.876887,3,95.53,0.01,0.07,67.52,0.38,23.46,85.69,0,17,12,5,1,-0.9659258262890683,-0.25881904510252063,3.0,3.0,3.0,3.0,0.0,0.0,0.27377756711661144,0.18421004155252227,1
2026-05-12 17:40:27.049349,3,95.53,0.01,0.07,67.52,0.38,23.46,85.69,0,17,12,5,1,-0.9659258262890683,-0.25881904510252063,3.0,3.0,3.0,3.0,0.0,0.0,0.27377756711661144,0.18421004155252227,1
2026-05-12 17:40:32.224021,3,95.53,0.01,0.07,67.52,0.38,23.46,85.69,0,17,12,5,1,-0.9659258262890683,-0.25881904510252063,3.0,3.0,3.0,3.0,0.0,0.0,0.27377756711661144,0.18421004155252227,1
2026-05-12 17:40:37.431928,3,95.53,0.01,0.07,67.52,0.38,23.46,85.69,0,17,12,5,1,-0.9659258262890683,-0.25881904510252063,3.0,3.0,3.0,3.0,0.0,0.0,0.27377756711661144,0.18421004155252227,1
2026-05-12 17:40:42.630853,3,95.53,0.01,0.07,67.52,0.38,23.46,85.69,0,17,12,5,1,-0.9659258262890683,-0.25881904510252063,3.0,3.0,3.0,3.0,0.0,0.0,0.27377756711661144,0.18421004155252227,1
2026-05-12 17:40:47.837437,3,95.53,0.01,0.07,67.52,0.38,23.46,85.69,0,17,12,5,1,-0.9659258262890683,-0.25881904510252063,3.0,3.0,3.0,3.0,0.0,0.0,0.27377756711661144,0.18421004155252227,1
2026-05-12 17:40:53.037071,3,95.53,0.01,0.07,67.52,0.38,23.46,85.69,0,17,12,5,1,-0.9659258262890683,-0.25881904510252063,3.0,3.0,3.0,3.0,0.0,0.0,0.27377756711661144,0.18421004155252227,1
2026-05-12 17:40:58.358746,3,95.53,0.01,0.07,67.52,0.38,23.46,85.69,0,17,12,5,1,-0.9659258262890683,-0.25881904510252063,3.0,3.0,3.0,3.0,0.0,0.0,0.27377756711661144,0.18421004155252227,1
2026-05-12 17:41:03.537828,3,95.53,0.01,0.07,67.52,0.38,23.46,85.69,0,17,12,5,1,-0.9659258262890683,-0.25881904510252063,3.0,3.0,3.0,3.0,0.0,0.0,0.27377756711661144,0.18421004155252227,1
2026-05-12 17:41:08.751804,3,95.53,0.01,0.07,67.52,0.38,23.46,85.69,0,17,12,5,1,-0.9659258262890683,-0.25881904510252063,3.0,3.0,3.0,3.0,0.0,0.0,0.27377756711661144,0.18421004155252227,1
2026-05-12 17:41:13.937010,3,95.53,0.01,0.07,67.52,0.38,23.46,85.69,0,17,12,5,1,-0.9659258262890683,-0.25881904510252063,3.0,3.0,3.0,3.0,0.0,0.0,0.27377756711661144,0.18421004155252227,1
2026-05-12 17:41:19.162316,3,95.53,0.01,0.07,67.52,0.38,23.46,85.69,0,17,12,5,1,-0.9659258262890683,-0.25881904510252063,3.0,3.0,3.0,3.0,0.0,0.0,0.27377756711661144,0.18421004155252227,1
2026-05-12 17:41:24.367746,3,95.53,0.01,0.07,67.52,0.38,23.46,85.69,0,17,12,5,1,-0.9659258262890683,-0.25881904510252063,3.0,3.0,3.0,3.0,0.0,0.0,0.27377756711661144,0.18421004155252227,1
2026-05-12 17:41:29.546734,3,95.53,0.01,0.07,67.52,0.38,23.46,85.69,0,17,12,5,1,-0.9659258262890683,-0.25881904510252063,3.0,3.0,3.0,3.0,0.0,0.0,0.27377756711661144,0.18421004155252227,1
2026-05-12 17:41:34.749443,3,95.53,0.01,0.07,67.52,0.38,23.46,85.69,0,17,12,5,1,-0.9659258262890683,-0.25881904510252063,3.0,3.0,3.0,3.0,0.0,0.0,0.27377756711661144,0.18421004155252227,1
2026-05-12 17:41:39.939189,3,95.53,0.01,0.07,67.52,0.38,23.46,85.69,0,17,12,5,1,-0.9659258262890683,-0.25881904510252063,3.0,3.0,3.0,3.0,0.0,0.0,0.27377756711661144,0.18421004155252227,1
2026-05-12 17:41:45.379743,3,95.53,0.01,0.07,67.52,0.38,23.46,85.69,0,17,12,5,1,-0.9659258262890683,-0.25881904510252063,3.0,3.0,3.0,3.0,0.0,0.0,0.27377756711661144,0.18421004155252227,1
2026-05-12 17:41:50.621300,3,95.53,0.01,0.07,67.52,0.38,23.46,85.69,0,17,12,5,1,-0.9659258262890683,-0.25881904510252063,3.0,3.0,3.0,3.0,0.0,0.0,0.27377756711661144,0.18421004155252227,1
2026-05-12 17:41:55.820543,3,95.53,0.01,0.07,67.52,0.38,23.46,85.69,0,17,12,5,1,-0.9659258262890683,-0.25881904510252063,3.0,3.0,3.0,3.0,0.0,0.0,0.27377756711661144,0.18421004155252227,1
2026-05-12 17:42:01.012385,3,95.53,0.01,0.07,67.52,0.38,23.46,85.69,0,17,12,5,1,-0.9659258262890683,-0.25881904510252063,3.0,3.0,3.0,3.0,0.0,0.0,0.27377756711661144,0.18421004155252227,1
2026-05-12 17:42:06.215125,3,95.53,0.01,0.07,67.52,0.38,23.46,85.69,0,17,12,5,1,-0.9659258262890683,-0.25881904510252063,3.0,3.0,3.0,3.0,0.0,0.0,0.27377756711661144,0.18421004155252227,1
2026-05-12 17:42:11.398886,3,95.53,0.01,0.07,67.52,0.38,23.46,85.69,0,17,12,5,1,-0.9659258262890683,-0.25881904510252063,3.0,3.0,3.0,3.0,0.0,0.0,0.27377756711661144,0.18421004155252227,1
2026-05-12 17:42:16.594422,3,95.53,0.01,0.07,67.52,0.38,23.46,85.69,0,17,12,5,1,-0.9659258262890683,-0.25881904510252063,3.0,3.0,3.0,3.0,0.0,0.0,0.27377756711661144,0.18421004155252227,1
2026-05-12 17:42:21.803755,3,95.53,0.01,0.07,67.52,0.38,23.46,85.69,0,17,12,5,1,-0.9659258262890683,-0.25881904510252063,3.0,3.0,3.0,3.0,0.0,0.0,0.27377756711661144,0.18421004155252227,1
2026-05-12 17:42:26.975709,3,95.53,0.01,0.07,67.52,0.38,23.46,85.69,0,17,12,5,1,-0.9659258262890683,-0.25881904510252063,3.0,3.0,3.0,3.0,0.0,0.0,0.27377756711661144,0.18421004155252227,1
2026-05-12 17:42:32.187670,3,95.53,0.01,0.07,67.52,0.38,23.46,85.69,0,17,12,5,1,-0.9659258262890683,-0.25881904510252063,3.0,3.0,3.0,3.0,0.0,0.0,0.27377756711661144,0.18421004155252227,1
2026-05-12 17:42:37.389634,3,95.53,0.01,0.07,67.52,0.38,23.46,85.69,0,17,12,5,1,-0.9659258262890683,-0.25881904510252063,3.0,3.0,3.0,3.0,0.0,0.0,0.27377756711661144,0.18421004155252227,1
2026-05-12 17:42:42.561892,3,95.53,0.01,0.07,67.52,0.38,23.46,85.69,0,17,12,5,1,-0.9659258262890683,-0.25881904510252063,3.0,3.0,3.0,3.0,0.0,0.0,0.27377756711661144,0.18421004155252227,1
2026-05-12 17:42:47.771999,3,95.53,0.01,0.07,67.52,0.38,23.46,85.69,0,17,12,5,1,-0.9659258262890683,-0.25881904510252063,3.0,3.0,3.0,3.0,0.0,0.0,0.27377756711661144,0.18421004155252227,1
2026-05-12 17:42:53.052199,3,95.53,0.01,0.07,67.52,0.38,23.46,85.69,0,17,12,5,1,-0.9659258262890683,-0.25881904510252063,3.0,3.0,3.0,3.0,0.0,0.0,0.27377756711661144,0.18421004155252227,1
2026-05-12 17:42:58.232499,3,95.53,0.01,0.07,67.52,0.38,23.46,85.69,0,17,12,5,1,-0.9659258262890683,-0.25881904510252063,3.0,3.0,3.0,3.0,0.0,0.0,0.27377756711661144,0.18421004155252227,1
2026-05-12 17:43:03.448400,3,95.53,0.01,0.07,67.52,0.38,23.46,85.69,0,17,12,5,1,-0.9659258262890683,-0.25881904510252063,3.0,3.0,3.0,3.0,0.0,0.0,0.27377756711661144,0.18421004155252227,1
2026-05-12 17:43:08.674765,3,95.53,0.01,0.07,67.52,0.38,23.46,85.69,0,17,12,5,1,-0.9659258262890683,-0.25881904510252063,3.0,3.0,3.0,3.0,0.0,0.0,0.27377756711661144,0.18421004155252227,1
2026-05-12 17:43:13.885334,3,95.53,0.01,0.07,67.52,0.38,23.46,85.69,0,17,12,5,1,-0.9659258262890683,-0.25881904510252063,3.0,3.0,3.0,3.0,0.0,0.0,0.27377756711661144,0.18421004155252227,1
2026-05-12 17:43:19.063778,3,95.53,0.01,0.07,67.52,0.38,23.46,85.69,0,17,12,5,1,-0.9659258262890683,-0.25881904510252063,3.0,3.0,3.0,3.0,0.0,0.0,0.27377756711661144,0.18421004155252227,1
2026-05-12 17:43:24.267078,3,95.53,0.01,0.07,67.52,0.38,23.46,85.69,0,17,12,5,1,-0.9659258262890683,-0.25881904510252063,3.0,3.0,3.0,3.0,0.0,0.0,0.27377756711661144,0.18421004155252227,1
2026-05-12 17:43:29.454848,3,95.53,0.01,0.07,67.52,0.38,23.46,85.69,0,17,12,5,1,-0.9659258262890683,-0.25881904510252063,3.0,3.0,3.0,3.0,0.0,0.0,0.27377756711661144,0.18421004155252227,1
2026-05-12 17:43:34.619440,3,95.53,0.01,0.07,67.52,0.38,23.46,85.69,0,17,12,5,1,-0.9659258262890683,-0.25881904510252063,3.0,3.0,3.0,3.0,0.0,0.0,0.27377756711661144,0.18421004155252227,1
2026-05-12 17:43:39.806123,3,95.53,0.01,0.07,67.52,0.38,23.46,85.69,0,17,12,5,1,-0.9659258262890683,-0.25881904510252063,3.0,3.0,3.0,3.0,0.0,0.0,0.27377756711661144,0.18421004155252227,1
2026-05-12 17:43:45.066873,3,95.53,0.01,0.07,67.52,0.38,23.46,85.69,0,17,12,5,1,-0.9659258262890683,-0.25881904510252063,3.0,3.0,3.0,3.0,0.0,0.0,0.27377756711661144,0.18421004155252227,1
2026-05-12 17:43:50.364502,3,95.53,0.01,0.07,67.52,0.38,23.46,85.69,0,17,12,5,1,-0.9659258262890683,-0.25881904510252063,3.0,3.0,3.0,3.0,0.0,0.0,0.27377756711661144,0.18421004155252227,1
2026-05-12 17:43:55.550411,3,95.53,0.01,0.07,67.52,0.38,23.46,85.69,0,17,12,5,1,-0.9659258262890683,-0.25881904510252063,3.0,3.0,3.0,3.0,0.0,0.0,0.27377756711661144,0.18421004155252227,1
2026-05-12 17:44:00.753443,3,95.53,0.01,0.07,67.52,0.38,23.46,85.69,0,17,12,5,1,-0.9659258262890683,-0.25881904510252063,3.0,3.0,3.0,3.0,0.0,0.0,0.27377756711661144,0.18421004155252227,1
2026-05-12 17:44:05.946345,3,95.53,0.01,0.07,67.52,0.38,23.46,85.69,0,17,12,5,1,-0.9659258262890683,-0.25881904510252063,3.0,3.0,3.0,3.0,0.0,0.0,0.27377756711661144,0.18421004155252227,1
2026-05-12 17:44:11.133335,3,95.53,0.01,0.07,67.52,0.38,23.46,85.69,0,17,12,5,1,-0.9659258262890683,-0.25881904510252063,3.0,3.0,3.0,3.0,0.0,0.0,0.27377756711661144,0.18421004155252227,1
2026-05-12 17:44:16.316331,3,95.53,0.01,0.07,67.52,0.38,23.46,85.69,0,17,12,5,1,-0.9659258262890683,-0.25881904510252063,3.0,3.0,3.0,3.0,0.0,0.0,0.27377756711661144,0.18421004155252227,1
2026-05-14 21:16:22.150289,2,74.82,0.0,0.07,34.27,0.33,7.67,43.62,0,21,14,5,3,-0.7071067811865477,0.7071067811865474,3.0,3.0,3.0,2.8333333333333335,0.408248290463863,-1.0,0.17583676809177518,0.2121205693316081,1
2026-05-14 21:16:27.799115,2,74.82,0.0,0.07,34.27,0.33,7.67,43.62,0,21,14,5,3,-0.7071067811865477,0.7071067811865474,2.0,3.0,3.0,2.6666666666666665,0.5163977794943223,0.0,0.17583676809177518,0.2121205693316081,1
2026-05-14 21:16:33.426697,2,74.82,0.0,0.07,34.27,0.33,7.67,43.62,0,21,14,5,3,-0.7071067811865477,0.7071067811865474,2.0,3.0,3.0,2.5,0.5477225575051664,0.0,0.17583676809177518,0.2121205693316081,1
2026-05-14 21:16:39.063744,2,74.82,0.0,0.07,34.27,0.33,7.67,43.62,0,21,14,5,3,-0.7071067811865477,0.7071067811865474,2.0,2.0,3.0,2.3333333333333335,0.5163977794943226,0.0,0.17583676809177518,0.2121205693316081,1
2026-05-14 21:16:44.689865,2,74.82,0.0,0.07,34.27,0.33,7.67,43.62,0,21,14,5,3,-0.7071067811865477,0.7071067811865474,2.0,2.0,3.0,2.1666666666666665,0.4082482904638636,0.0,0.17583676809177518,0.2121205693316081,1
2026-05-14 21:16:50.335598,2,74.82,0.0,0.07,34.27,0.33,7.67,43.62,0,21,14,5,3,-0.7071067811865477,0.7071067811865474,2.0,2.0,3.0,2.0,0.0,0.0,0.17583676809177518,0.2121205693316081,1
2026-05-14 21:16:56.076693,2,74.82,0.0,0.07,34.27,0.33,7.67,43.62,0,21,14,5,3,-0.7071067811865477,0.7071067811865474,2.0,2.0,2.0,2.0,0.0,0.0,0.17583676809177518,0.2121205693316081,1
2026-05-14 21:17:01.737753,2,74.82,0.0,0.07,34.27,0.33,7.67,43.62,0,21,14,5,3,-0.7071067811865477,0.7071067811865474,2.0,2.0,2.0,2.0,0.0,0.0,0.17583676809177518,0.2121205693316081,1
2026-05-14 21:17:08.224548,2,74.82,0.0,0.07,34.27,0.33,7.67,43.62,0,21,14,5,3,-0.7071067811865477,0.7071067811865474,2.0,2.0,2.0,2.0,0.0,0.0,0.17583676809177518,0.2121205693316081,1
2026-05-14 21:17:13.869200,2,74.82,0.0,0.07,34.27,0.33,7.67,43.62,0,21,14,5,3,-0.7071067811865477,0.7071067811865474,2.0,2.0,2.0,2.0,0.0,0.0,0.17583676809177518,0.2121205693316081,1
2026-05-14 21:17:20.390230,2,74.82,0.0,0.07,34.27,0.33,7.67,43.62,0,21,14,5,3,-0.7071067811865477,0.7071067811865474,2.0,2.0,2.0,2.0,0.0,0.0,0.17583676809177518,0.2121205693316081,1
2026-05-14 21:17:26.043365,2,74.82,0.0,0.07,34.27,0.33,7.67,43.62,0,21,14,5,3,-0.7071067811865477,0.7071067811865474,2.0,2.0,2.0,2.0,0.0,0.0,0.17583676809177518,0.2121205693316081,1
2026-05-14 21:17:31.687914,2,74.82,0.0,0.07,34.27,0.33,7.67,43.62,0,21,14,5,3,-0.7071067811865477,0.7071067811865474,2.0,2.0,2.0,2.0,0.0,0.0,0.17583676809177518,0.2121205693316081,1
2026-05-14 21:17:37.321277,2,74.82,0.0,0.07,34.27,0.33,7.67,43.62,0,21,14,5,3,-0.7071067811865477,0.7071067811865474,2.0,2.0,2.0,2.0,0.0,0.0,0.17583676809177518,0.2121205693316081,1
2026-05-14 21:17:42.950323,2,74.82,0.0,0.07,34.27,0.33,7.67,43.62,0,21,14,5,3,-0.7071067811865477,0.7071067811865474,2.0,2.0,2.0,2.0,0.0,0.0,0.17583676809177518,0.2121205693316081,1
2026-05-14 21:17:48.589652,2,74.82,0.0,0.07,34.27,0.33,7.67,43.62,0,21,14,5,3,-0.7071067811865477,0.7071067811865474,2.0,2.0,2.0,2.0,0.0,0.0,0.17583676809177518,0.2121205693316081,1
2026-05-14 21:17:54.245094,2,74.82,0.0,0.07,34.27,0.33,7.67,43.62,0,21,14,5,3,-0.7071067811865477,0.7071067811865474,2.0,2.0,2.0,2.0,0.0,0.0,0.17583676809177518,0.2121205693316081,1
2026-05-14 21:17:59.891498,2,74.82,0.0,0.07,34.27,0.33,7.67,43.62,0,21,14,5,3,-0.7071067811865477,0.7071067811865474,2.0,2.0,2.0,2.0,0.0,0.0,0.17583676809177518,0.2121205693316081,1
2026-05-14 21:18:05.532165,2,74.82,0.0,0.07,34.27,0.33,7.67,43.62,0,21,14,5,3,-0.7071067811865477,0.7071067811865474,2.0,2.0,2.0,2.0,0.0,0.0,0.17583676809177518,0.2121205693316081,1
2026-05-14 21:18:11.157810,2,74.82,0.0,0.07,34.27,0.33,7.67,43.62,0,21,14,5,3,-0.7071067811865477,0.7071067811865474,2.0,2.0,2.0,2.0,0.0,0.0,0.17583676809177518,0.2121205693316081,1
2026-05-14 21:18:16.785092,2,74.82,0.0,0.07,34.27,0.33,7.67,43.62,0,21,14,5,3,-0.7071067811865477,0.7071067811865474,2.0,2.0,2.0,2.0,0.0,0.0,0.17583676809177518,0.2121205693316081,1
2026-05-14 21:18:22.424899,2,74.82,0.0,0.07,34.27,0.33,7.67,43.62,0,21,14,5,3,-0.7071067811865477,0.7071067811865474,2.0,2.0,2.0,2.0,0.0,0.0,0.17583676809177518,0.2121205693316081,1
2026-05-14 21:18:28.086595,2,74.82,0.0,0.07,34.27,0.33,7.67,43.62,0,21,14,5,3,-0.7071067811865477,0.7071067811865474,2.0,2.0,2.0,2.0,0.0,0.0,0.17583676809177518,0.2121205693316081,1
2026-05-14 21:18:33.721517,2,74.82,0.0,0.07,34.27,0.33,7.67,43.62,0,21,14,5,3,-0.7071067811865477,0.7071067811865474,2.0,2.0,2.0,2.0,0.0,0.0,0.17583676809177518,0.2121205693316081,1
2026-05-14 21:18:39.372461,2,74.82,0.0,0.07,34.27,0.33,7.67,43.62,0,21,14,5,3,-0.7071067811865477,0.7071067811865474,2.0,2.0,2.0,2.0,0.0,0.0,0.17583676809177518,0.2121205693316081,1
2026-05-14 21:18:45.020567,2,74.82,0.0,0.07,34.27,0.33,7.67,43.62,0,21,14,5,3,-0.7071067811865477,0.7071067811865474,2.0,2.0,2.0,2.0,0.0,0.0,0.17583676809177518,0.2121205693316081,1
2026-05-14 21:18:50.650148,2,74.82,0.0,0.07,34.27,0.33,7.67,43.62,0,21,14,5,3,-0.7071067811865477,0.7071067811865474,2.0,2.0,2.0,2.0,0.0,0.0,0.17583676809177518,0.2121205693316081,1
2026-05-14 21:18:56.278990,2,74.82,0.0,0.07,34.27,0.33,7.67,43.62,0,21,14,5,3,-0.7071067811865477,0.7071067811865474,2.0,2.0,2.0,2.0,0.0,0.0,0.17583676809177518,0.2121205693316081,1
2026-05-14 21:19:01.928681,2,74.82,0.0,0.07,34.27,0.33,7.67,43.62,0,21,14,5,3,-0.7071067811865477,0.7071067811865474,2.0,2.0,2.0,2.0,0.0,0.0,0.17583676809177518,0.2121205693316081,1
2026-05-14 21:19:07.570170,2,74.82,0.0,0.07,34.27,0.33,7.67,43.62,0,21,14,5,3,-0.7071067811865477,0.7071067811865474,2.0,2.0,2.0,2.0,0.0,0.0,0.17583676809177518,0.2121205693316081,1
2026-05-14 21:19:13.235036,2,74.82,0.0,0.07,34.27,0.33,7.67,43.62,0,21,14,5,3,-0.7071067811865477,0.7071067811865474,2.0,2.0,2.0,2.0,0.0,0.0,0.17583676809177518,0.2121205693316081,1
2026-05-14 21:19:18.914406,2,74.82,0.0,0.07,34.27,0.33,7.67,43.62,0,21,14,5,3,-0.7071067811865477,0.7071067811865474,2.0,2.0,2.0,2.0,0.0,0.0,0.17583676809177518,0.2121205693316081,1
2026-05-14 21:19:24.558745,2,74.82,0.0,0.07,34.27,0.33,7.67,43.62,0,21,14,5,3,-0.7071067811865477,0.7071067811865474,2.0,2.0,2.0,2.0,0.0,0.0,0.17583676809177518,0.2121205693316081,1
2026-05-14 21:19:30.217109,2,74.82,0.0,0.07,34.27,0.33,7.67,43.62,0,21,14,5,3,-0.7071067811865477,0.7071067811865474,2.0,2.0,2.0,2.0,0.0,0.0,0.17583676809177518,0.2121205693316081,1
2026-05-14 21:19:35.859618,2,74.82,0.0,0.07,34.27,0.33,7.67,43.62,0,21,14,5,3,-0.7071067811865477,0.7071067811865474,2.0,2.0,2.0,2.0,0.0,0.0,0.17583676809177518,0.2121205693316081,1
2026-05-14 21:19:42.354264,2,74.82,0.0,0.07,34.27,0.33,7.67,43.62,0,21,14,5,3,-0.7071067811865477,0.7071067811865474,2.0,2.0,2.0,2.0,0.0,0.0,0.17583676809177518,0.2121205693316081,1
2026-05-14 21:19:47.994369,2,74.82,0.0,0.07,34.27,0.33,7.67,43.62,0,21,14,5,3,-0.7071067811865477,0.7071067811865474,2.0,2.0,2.0,2.0,0.0,0.0,0.17583676809177518,0.2121205693316081,1
2026-05-14 21:19:53.631826,2,74.82,0.0,0.07,34.27,0.33,7.67,43.62,0,21,14,5,3,-0.7071067811865477,0.7071067811865474,2.0,2.0,2.0,2.0,0.0,0.0,0.17583676809177518,0.2121205693316081,1
2026-05-14 21:19:59.255753,2,74.82,0.0,0.07,34.27,0.33,7.67,43.62,0,21,14,5,3,-0.7071067811865477,0.7071067811865474,2.0,2.0,2.0,2.0,0.0,0.0,0.17583676809177518,0.2121205693316081,1
2026-05-14 21:20:04.902826,2,74.82,0.0,0.07,34.27,0.33,7.67,43.62,0,21,14,5,3,-0.7071067811865477,0.7071067811865474,2.0,2.0,2.0,2.0,0.0,0.0,0.17583676809177518,0.2121205693316081,1
2026-05-14 21:20:10.544403,2,74.82,0.0,0.07,34.27,0.33,7.67,43.62,0,21,14,5,3,-0.7071067811865477,0.7071067811865474,2.0,2.0,2.0,2.0,0.0,0.0,0.17583676809177518,0.2121205693316081,1
2026-05-14 21:20:16.200502,2,74.82,0.0,0.07,34.27,0.33,7.67,43.62,0,21,14,5,3,-0.7071067811865477,0.7071067811865474,2.0,2.0,2.0,2.0,0.0,0.0,0.17583676809177518,0.2121205693316081,1
2026-05-14 21:20:21.853803,2,74.82,0.0,0.07,34.27,0.33,7.67,43.62,0,21,14,5,3,-0.7071067811865477,0.7071067811865474,2.0,2.0,2.0,2.0,0.0,0.0,0.17583676809177518,0.2121205693316081,1
2026-05-14 21:20:27.502464,2,74.82,0.0,0.07,34.27,0.33,7.67,43.62,0,21,14,5,3,-0.7071067811865477,0.7071067811865474,2.0,2.0,2.0,2.0,0.0,0.0,0.17583676809177518,0.2121205693316081,1
2026-05-14 21:20:33.149947,2,74.82,0.0,0.07,34.27,0.33,7.67,43.62,0,21,14,5,3,-0.7071067811865477,0.7071067811865474,2.0,2.0,2.0,2.0,0.0,0.0,0.17583676809177518,0.2121205693316081,1
2026-05-14 21:20:38.809781,2,74.82,0.0,0.07,34.27,0.33,7.67,43.62,0,21,14,5,3,-0.7071067811865477,0.7071067811865474,2.0,2.0,2.0,2.0,0.0,0.0,0.17583676809177518,0.2121205693316081,1
2026-05-14 21:20:44.455124,2,74.82,0.0,0.07,34.27,0.33,7.67,43.62,0,21,14,5,3,-0.7071067811865477,0.7071067811865474,2.0,2.0,2.0,2.0,0.0,0.0,0.17583676809177518,0.2121205693316081,1
2026-05-14 21:20:50.109864,2,74.82,0.0,0.07,34.27,0.33,7.67,43.62,0,21,14,5,3,-0.7071067811865477,0.7071067811865474,2.0,2.0,2.0,2.0,0.0,0.0,0.17583676809177518,0.2121205693316081,1
2026-05-14 21:20:55.768053,2,74.82,0.0,0.07,34.27,0.33,7.67,43.62,0,21,14,5,3,-0.7071067811865477,0.7071067811865474,2.0,2.0,2.0,2.0,0.0,0.0,0.17583676809177518,0.2121205693316081,1
2026-05-14 21:21:01.486167,2,74.82,0.0,0.07,34.27,0.33,7.67,43.62,0,21,14,5,3,-0.7071067811865477,0.7071067811865474,2.0,2.0,2.0,2.0,0.0,0.0,0.17583676809177518,0.2121205693316081,1
2026-05-14 21:21:07.117232,2,74.82,0.0,0.07,34.27,0.33,7.67,43.62,0,21,14,5,3,-0.7071067811865477,0.7071067811865474,2.0,2.0,2.0,2.0,0.0,0.0,0.17583676809177518,0.2121205693316081,1
2026-05-14 21:21:12.765883,2,74.82,0.0,0.07,34.27,0.33,7.67,43.62,0,21,14,5,3,-0.7071067811865477,0.7071067811865474,2.0,2.0,2.0,2.0,0.0,0.0,0.17583676809177518,0.2121205693316081,1
2026-05-14 21:21:18.415551,2,74.82,0.0,0.07,34.27,0.33,7.67,43.62,0,21,14,5,3,-0.7071067811865477,0.7071067811865474,2.0,2.0,2.0,2.0,0.0,0.0,0.17583676809177518,0.2121205693316081,1
2026-05-14 21:21:26.200810,2,74.82,0.0,0.07,34.27,0.33,7.67,43.62,0,21,14,5,3,-0.7071067811865477,0.7071067811865474,2.0,2.0,2.0,2.0,0.0,0.0,0.17583676809177518,0.2121205693316081,1
2026-05-14 21:21:31.399876,2,74.82,0.0,0.07,34.27,0.33,7.67,43.62,0,21,14,5,3,-0.7071067811865477,0.7071067811865474,2.0,2.0,2.0,2.0,0.0,0.0,0.17583676809177518,0.2121205693316081,1
2026-05-14 21:21:36.921082,2,74.82,0.0,0.07,34.27,0.33,7.67,43.62,0,21,14,5,3,-0.7071067811865477,0.7071067811865474,2.0,2.0,2.0,2.0,0.0,0.0,0.17583676809177518,0.2121205693316081,1
2026-05-14 21:21:42.102353,2,74.82,0.0,0.07,34.27,0.33,7.67,43.62,0,21,14,5,3,-0.7071067811865477,0.7071067811865474,2.0,2.0,2.0,2.0,0.0,0.0,0.17583676809177518,0.2121205693316081,1
2026-05-14 21:21:47.294130,2,74.82,0.0,0.07,34.27,0.33,7.67,43.62,0,21,14,5,3,-0.7071067811865477,0.7071067811865474,2.0,2.0,2.0,2.0,0.0,0.0,0.17583676809177518,0.2121205693316081,1
2026-05-14 21:21:52.464567,2,74.82,0.0,0.07,34.27,0.33,7.67,43.62,0,21,14,5,3,-0.7071067811865477,0.7071067811865474,2.0,2.0,2.0,2.0,0.0,0.0,0.17583676809177518,0.2121205693316081,1
2026-05-14 21:21:57.630039,2,74.82,0.0,0.07,34.27,0.33,7.67,43.62,0,21,14,5,3,-0.7071067811865477,0.7071067811865474,2.0,2.0,2.0,2.0,0.0,0.0,0.17583676809177518,0.2121205693316081,1
2026-05-14 21:22:02.816853,2,74.82,0.0,0.07,34.27,0.33,7.67,43.62,0,21,14,5,3,-0.7071067811865477,0.7071067811865474,2.0,2.0,2.0,2.0,0.0,0.0,0.17583676809177518,0.2121205693316081,1
2026-05-14 21:22:07.992922,2,74.82,0.0,0.07,34.27,0.33,7.67,43.62,0,21,14,5,3,-0.7071067811865477,0.7071067811865474,2.0,2.0,2.0,2.0,0.0,0.0,0.17583676809177518,0.2121205693316081,1
2026-05-14 21:22:13.180978,2,74.82,0.0,0.07,34.27,0.33,7.67,43.62,0,21,14,5,3,-0.7071067811865477,0.7071067811865474,2.0,2.0,2.0,2.0,0.0,0.0,0.17583676809177518,0.2121205693316081,1
2026-05-14 21:22:18.960526,2,74.82,0.0,0.07,34.27,0.33,7.67,43.62,0,21,14,5,3,-0.7071067811865477,0.7071067811865474,2.0,2.0,2.0,2.0,0.0,0.0,0.17583676809177518,0.2121205693316081,1
2026-05-14 21:22:24.202352,2,74.82,0.0,0.07,34.27,0.33,7.67,43.62,0,21,14,5,3,-0.7071067811865477,0.7071067811865474,2.0,2.0,2.0,2.0,0.0,0.0,0.17583676809177518,0.2121205693316081,1
2026-05-14 21:22:30.406114,2,74.82,0.0,0.07,34.27,0.33,7.67,43.62,0,21,14,5,3,-0.7071067811865477,0.7071067811865474,2.0,2.0,2.0,2.0,0.0,0.0,0.17583676809177518,0.2121205693316081,1
2026-05-14 21:22:35.631649,2,74.82,0.0,0.07,34.27,0.33,7.67,43.62,0,21,14,5,3,-0.7071067811865477,0.7071067811865474,2.0,2.0,2.0,2.0,0.0,0.0,0.17583676809177518,0.2121205693316081,1
2026-05-14 21:22:40.820192,2,74.82,0.0,0.07,34.27,0.33,7.67,43.62,0,21,14,5,3,-0.7071067811865477,0.7071067811865474,2.0,2.0,2.0,2.0,0.0,0.0,0.17583676809177518,0.2121205693316081,1
2026-05-14 21:22:46.346944,2,74.82,0.0,0.07,34.27,0.33,7.67,43.62,0,21,14,5,3,-0.7071067811865477,0.7071067811865474,2.0,2.0,2.0,2.0,0.0,0.0,0.17583676809177518,0.2121205693316081,1
2026-05-14 21:22:51.549354,2,74.82,0.0,0.07,34.27,0.33,7.67,43.62,0,21,14,5,3,-0.7071067811865477,0.7071067811865474,2.0,2.0,2.0,2.0,0.0,0.0,0.17583676809177518,0.2121205693316081,1
2026-05-14 21:22:56.729845,2,74.82,0.0,0.07,34.27,0.33,7.67,43.62,0,21,14,5,3,-0.7071067811865477,0.7071067811865474,2.0,2.0,2.0,2.0,0.0,0.0,0.17583676809177518,0.2121205693316081,1
2026-05-14 21:23:02.038509,2,74.82,0.0,0.07,34.27,0.33,7.67,43.62,0,21,14,5,3,-0.7071067811865477,0.7071067811865474,2.0,2.0,2.0,2.0,0.0,0.0,0.17583676809177518,0.2121205693316081,1
2026-05-14 21:23:07.239278,2,74.82,0.0,0.07,34.27,0.33,7.67,43.62,0,21,14,5,3,-0.7071067811865477,0.7071067811865474,2.0,2.0,2.0,2.0,0.0,0.0,0.17583676809177518,0.2121205693316081,1
2026-05-14 21:23:13.416469,2,74.82,0.0,0.07,34.27,0.33,7.67,43.62,0,21,14,5,3,-0.7071067811865477,0.7071067811865474,2.0,2.0,2.0,2.0,0.0,0.0,0.17583676809177518,0.2121205693316081,1
2026-05-14 21:23:19.918081,2,74.82,0.0,0.07,34.27,0.33,7.67,43.62,0,21,14,5,3,-0.7071067811865477,0.7071067811865474,2.0,2.0,2.0,2.0,0.0,0.0,0.17583676809177518,0.2121205693316081,1
2026-05-14 21:23:25.096757,2,74.82,0.0,0.07,34.27,0.33,7.67,43.62,0,21,14,5,3,-0.7071067811865477,0.7071067811865474,2.0,2.0,2.0,2.0,0.0,0.0,0.17583676809177518,0.2121205693316081,1
2026-05-14 21:23:30.262995,2,74.82,0.0,0.07,34.27,0.33,7.67,43.62,0,21,14,5,3,-0.7071067811865477,0.7071067811865474,2.0,2.0,2.0,2.0,0.0,0.0,0.17583676809177518,0.2121205693316081,1
2026-05-14 21:23:35.447112,2,74.82,0.0,0.07,34.27,0.33,7.67,43.62,0,21,14,5,3,-0.7071067811865477,0.7071067811865474,2.0,2.0,2.0,2.0,0.0,0.0,0.17583676809177518,0.2121205693316081,1
2026-05-14 21:23:40.630721,2,74.82,0.0,0.07,34.27,0.33,7.67,43.62,0,21,14,5,3,-0.7071067811865477,0.7071067811865474,2.0,2.0,2.0,2.0,0.0,0.0,0.17583676809177518,0.2121205693316081,1
2026-05-14 21:23:46.130238,2,74.82,0.0,0.07,34.27,0.33,7.67,43.62,0,21,14,5,3,-0.7071067811865477,0.7071067811865474,2.0,2.0,2.0,2.0,0.0,0.0,0.17583676809177518,0.2121205693316081,1
2026-05-14 21:23:51.300213,2,74.82,0.0,0.07,34.27,0.33,7.67,43.62,0,21,14,5,3,-0.7071067811865477,0.7071067811865474,2.0,2.0,2.0,2.0,0.0,0.0,0.17583676809177518,0.2121205693316081,1
2026-05-14 21:23:56.493251,2,74.82,0.0,0.07,34.27,0.33,7.67,43.62,0,21,14,5,3,-0.7071067811865477,0.7071067811865474,2.0,2.0,2.0,2.0,0.0,0.0,0.17583676809177518,0.2121205693316081,1
2026-05-14 21:24:01.684162,2,74.82,0.0,0.07,34.27,0.33,7.67,43.62,0,21,14,5,3,-0.7071067811865477,0.7071067811865474,2.0,2.0,2.0,2.0,0.0,0.0,0.17583676809177518,0.2121205693316081,1
2026-05-14 21:24:07.147993,2,74.82,0.0,0.07,34.27,0.33,7.67,43.62,0,21,14,5,3,-0.7071067811865477,0.7071067811865474,2.0,2.0,2.0,2.0,0.0,0.0,0.17583676809177518,0.2121205693316081,1
2026-05-14 21:24:13.322507,2,74.82,0.0,0.07,34.27,0.33,7.67,43.62,0,21,14,5,3,-0.7071067811865477,0.7071067811865474,2.0,2.0,2.0,2.0,0.0,0.0,0.17583676809177518,0.2121205693316081,1
2026-05-14 21:24:18.805470,2,74.82,0.0,0.07,34.27,0.33,7.67,43.62,0,21,14,5,3,-0.7071067811865477,0.7071067811865474,2.0,2.0,2.0,2.0,0.0,0.0,0.17583676809177518,0.2121205693316081,1
2026-05-14 21:24:23.976464,2,74.82,0.0,0.07,34.27,0.33,7.67,43.62,0,21,14,5,3,-0.7071067811865477,0.7071067811865474,2.0,2.0,2.0,2.0,0.0,0.0,0.17583676809177518,0.2121205693316081,1
2026-05-14 21:24:29.149103,2,74.82,0.0,0.07,34.27,0.33,7.67,43.62,0,21,14,5,3,-0.7071067811865477,0.7071067811865474,2.0,2.0,2.0,2.0,0.0,0.0,0.17583676809177518,0.2121205693316081,1
2026-05-14 21:24:35.697575,2,74.82,0.0,0.07,34.27,0.33,7.67,43.62,0,21,14,5,3,-0.7071067811865477,0.7071067811865474,2.0,2.0,2.0,2.0,0.0,0.0,0.17583676809177518,0.2121205693316081,1
2026-05-14 21:24:40.890778,2,74.82,0.0,0.07,34.27,0.33,7.67,43.62,0,21,14,5,3,-0.7071067811865477,0.7071067811865474,2.0,2.0,2.0,2.0,0.0,0.0,0.17583676809177518,0.2121205693316081,1
2026-05-14 21:24:46.058221,2,74.82,0.0,0.07,34.27,0.33,7.67,43.62,0,21,14,5,3,-0.7071067811865477,0.7071067811865474,2.0,2.0,2.0,2.0,0.0,0.0,0.17583676809177518,0.2121205693316081,1
2026-05-14 21:24:51.248207,2,74.82,0.0,0.07,34.27,0.33,7.67,43.62,0,21,14,5,3,-0.7071067811865477,0.7071067811865474,2.0,2.0,2.0,2.0,0.0,0.0,0.17583676809177518,0.2121205693316081,1
2026-05-14 21:24:56.737359,2,74.82,0.0,0.07,34.27,0.33,7.67,43.62,0,21,14,5,3,-0.7071067811865477,0.7071067811865474,2.0,2.0,2.0,2.0,0.0,0.0,0.17583676809177518,0.2121205693316081,1
2026-05-14 21:25:01.930336,2,74.82,0.0,0.07,34.27,0.33,7.67,43.62,0,21,14,5,3,-0.7071067811865477,0.7071067811865474,2.0,2.0,2.0,2.0,0.0,0.0,0.17583676809177518,0.2121205693316081,1
2026-05-14 21:25:07.099597,2,74.82,0.0,0.07,34.27,0.33,7.67,43.62,0,21,14,5,3,-0.7071067811865477,0.7071067811865474,2.0,2.0,2.0,2.0,0.0,0.0,0.17583676809177518,0.2121205693316081,1
2026-05-14 21:25:12.284853,2,74.82,0.0,0.07,34.27,0.33,7.67,43.62,0,21,14,5,3,-0.7071067811865477,0.7071067811865474,2.0,2.0,2.0,2.0,0.0,0.0,0.17583676809177518,0.2121205693316081,1
2026-05-14 21:25:17.476615,2,74.82,0.0,0.07,34.27,0.33,7.67,43.62,0,21,14,5,3,-0.7071067811865477,0.7071067811865474,2.0,2.0,2.0,2.0,0.0,0.0,0.17583676809177518,0.2121205693316081,1
2026-05-14 21:25:22.663936,2,74.82,0.0,0.07,34.27,0.33,7.67,43.62,0,21,14,5,3,-0.7071067811865477,0.7071067811865474,2.0,2.0,2.0,2.0,0.0,0.0,0.17583676809177518,0.2121205693316081,1
2026-05-14 21:25:27.856466,2,74.82,0.0,0.07,34.27,0.33,7.67,43.62,0,21,14,5,3,-0.7071067811865477,0.7071067811865474,2.0,2.0,2.0,2.0,0.0,0.0,0.17583676809177518,0.2121205693316081,1
2026-05-14 21:25:33.046672,2,74.82,0.0,0.07,34.27,0.33,7.67,43.62,0,21,14,5,3,-0.7071067811865477,0.7071067811865474,2.0,2.0,2.0,2.0,0.0,0.0,0.17583676809177518,0.2121205693316081,1
2026-05-17 01:42:39.512977,2,82.16,0.0,0.05,47.18,0.2,9.57,49.38,0,1,17,5,6,0.25881904510252074,0.9659258262890683,2.0,2.0,2.0,2.0,0.0,0.0,0.1938031552490248,0.24999875000624996,1
2026-05-17 01:42:49.725115,2,82.16,0.0,0.05,47.18,0.2,9.57,49.38,0,1,17,5,6,0.25881904510252074,0.9659258262890683,2.0,2.0,2.0,2.0,0.0,0.0,0.1938031552490248,0.24999875000624996,1
2026-05-17 01:49:28.903592,2,82.16,0.0,0.05,47.18,0.2,9.57,49.38,0,1,17,5,6,0.25881904510252074,0.9659258262890683,2.0,2.0,2.0,2.0,0.0,0.0,0.1938031552490248,0.24999875000624996,1
2026-05-17 15:27:12.278807,3,85.79,0.01,0.03,43.52,0.15,13.18,67.02,0,15,17,5,6,-0.7071067811865471,-0.7071067811865479,2.0,2.0,2.0,2.1666666666666665,0.4082482904638636,1.0,0.19665771118087572,0.1999986666755555,1
2026-05-17 22:48:10.537490,3,83.36,0.0,0.06,43.03,0.2,10.64,58.62,0,22,17,5,6,-0.5000000000000004,0.8660254037844384,3.0,2.0,2.0,2.3333333333333335,0.5163977794943226,0.0,0.1815080146450356,0.29999850000749995,1
2026-05-17 22:48:37.146353,3,83.36,0.0,0.06,43.03,0.2,10.64,58.62,0,22,17,5,6,-0.5000000000000004,0.8660254037844384,3.0,2.0,2.0,2.5,0.5477225575051664,0.0,0.1815080146450356,0.29999850000749995,1
2026-05-19 16:51:23.798236,3,87.66,0.01,0.04,49.86,0.29,14.81,66.76,0,16,19,5,1,-0.8660254037844385,-0.5000000000000004,3.0,3.0,2.0,2.6666666666666665,0.5163977794943223,0.0,0.2218394214823334,0.13793055886014188,1
2026-05-19 17:18:30.833777,3,87.66,0.01,0.04,49.86,0.29,14.81,66.76,0,17,19,5,1,-0.9659258262890683,-0.25881904510252063,3.0,3.0,2.0,2.8333333333333335,0.408248290463863,0.0,0.2218394214823334,0.13793055886014188,1
2026-05-19 22:43:15.256755,3,89.29,0.0,0.07,50.57,0.32,15.38,68.71,0,22,19,5,1,-0.5000000000000004,0.8660254037844384,3.0,3.0,2.0,3.0,0.0,0.0,0.22383932144026605,0.21874931640838627,1
2026-05-28 16:06:21.761090,3,75.12,0.01,0.05,31.96,0.37,12.19,57.57,0,16,28,5,3,-0.8660254037844385,-0.5000000000000004,3.0,3.0,3.0,3.0,0.0,0.0,0.21174222317626848,0.1351347699060273,1
2026-05-28 16:25:47.000000,3,75.12,0.01,0.05,31.96,0.37,12.19,57.57,0,16,28,5,3,-0.8660254037844385,-0.5000000000000004,3.0,3.0,3.0,3.0,0.0,0.0,0.21174222317626848,0.1351347699060273,1
2026-05-29 11:53:35.346374,3,74.03,0.01,0.05,33.61,0.41,16.32,75.29,0,11,29,5,4,0.258819045102521,-0.9659258262890682,3.0,3.0,3.0,3.0,0.0,0.0,0.2167618512848738,0.1219509220709218,1
2026-05-29 11:59:34.752304,3,74.03,0.01,0.05,33.61,0.41,16.32,75.29,0,11,29,5,4,0.258819045102521,-0.9659258262890682,3.0,3.0,3.0,3.0,0.0,0.0,0.2167618512848738,0.1219509220709218,1
2026-05-29 12:25:16.044576,3,74.03,0.01,0.05,33.61,0.41,16.32,75.29,0,12,29,5,4,1.2246467991473532e-16,-1.0,3.0,3.0,3.0,3.0,0.0,0.0,0.2167618512848738,0.1219509220709218,1
2026-05-29 14:22:50.960715,3,73.43,0.0,0.08,33.2,0.43,15.76,73.57,0,14,29,5,4,-0.4999999999999997,-0.8660254037844388,3.0,3.0,3.0,3.0,0.0,0.0,0.21421774888925177,0.18604607896260708,1
2026-05-29 16:52:14.106189,3,73.46,0.0,0.1,33.21,0.44,14.7,70.4,0,16,29,5,4,-0.8660254037844385,-0.5000000000000004,3.0,3.0,3.0,3.0,0.0,0.0,0.20880681521581226,0.2272722107449756,1
2026-05-29 19:37:42.670523,3,75.31,0.0,0.11,34.64,0.45,14.08,68.67,0,19,29,5,4,-0.9659258262890684,0.2588190451025203,3.0,3.0,3.0,3.0,0.0,0.0,0.20503858737383737,0.24444390123577503,1
2026-05-29 22:00:04.907405,3,76.92,0.0,0.11,36.79,0.47,14.47,71.71,0,22,29,5,4,-0.5000000000000004,0.8660254037844384,3.0,3.0,3.0,3.0,0.0,0.0,0.2017849644152146,0.23404205522966975,1
2026-05-29 23:22:32.704701,3,77.58,0.0,0.12,38.79,0.49,15.04,75.39,0,23,29,5,4,-0.25881904510252157,0.9659258262890681,3.0,3.0,3.0,3.0,0.0,0.0,0.1994959517244203,0.24489745939294003,1
2026-05-30 04:11:46.171408,3,76.93,0.02,0.1,38.66,0.51,16.23,78.38,0,4,30,5,5,0.8660254037844386,0.5000000000000001,3.0,3.0,3.0,3.0,0.0,0.0,0.2070681269830553,0.19607804690579037,1
2026-05-30 07:46:36.583034,3,76.41,0.01,0.05,36.84,0.43,15.8,71.52,0,7,30,5,5,0.9659258262890683,-0.25881904510252063,3.0,3.0,3.0,3.0,0.0,0.0,0.2209172228618957,0.11627879935162944,1
2026-05-30 10:09:38.073527,3,75.21,0.01,0.05,35.37,0.42,15.83,70.64,0,10,30,5,5,0.49999999999999994,-0.8660254037844387,3.0,3.0,3.0,3.0,0.0,0.0,0.2240939945626558,0.11904733560158191,1
2026-05-30 12:10:18.741936,3,74.63,0.01,0.06,35.34,0.41,15.49,70.83,0,12,30,5,5,1.2246467991473532e-16,-1.0,3.0,3.0,3.0,3.0,0.0,0.0,0.21869264127216376,0.14634110648510615,1
2026-05-30 14:45:20.657707,3,75.74,0.0,0.09,37.29,0.45,15.56,75.08,0,14,30,5,5,-0.4999999999999997,-0.8660254037844388,3.0,3.0,3.0,3.0,0.0,0.0,0.20724560192800212,0.1999995555565432,1
2026-05-30 16:12:08.486716,3,75.64,0.0,0.09,37.52,0.46,15.8,76.24,0,16,30,5,5,-0.8660254037844385,-0.5000000000000004,3.0,3.0,3.0,3.0,0.0,0.0,0.20724029109076222,0.19565174858315526,1
2026-05-30 18:09:36.847885,3,75.93,0.0,0.1,37.71,0.47,15.87,76.42,0,18,30,5,5,-1.0,-1.8369701987210297e-16,3.0,3.0,3.0,3.0,0.0,0.0,0.20766814698157357,0.21276550475424524,1
2026-05-30 20:14:16.097358,3,75.43,0.0,0.1,36.65,0.47,15.6,75.44,0,20,30,5,5,-0.8660254037844386,0.5000000000000001,3.0,3.0,3.0,3.0,0.0,0.0,0.20678684773612344,0.21276550475424524,1
2026-05-30 22:08:40.244253,3,74.75,0.0,0.1,35.52,0.46,15.72,75.75,0,22,30,5,5,-0.5000000000000004,0.8660254037844384,3.0,3.0,3.0,3.0,0.0,0.0,0.20752474973564689,0.2173908317590614,1
2026-05-31 00:10:21.108748,3,74.93,0.0,0.1,34.87,0.46,15.76,75.5,0,0,31,5,6,0.0,1.0,3.0,3.0,3.0,3.0,0.0,0.0,0.20874171908951367,0.2173908317590614,1
2026-05-31 05:25:46.988859,3,74.97,0.02,0.06,34.71,0.4,14.63,71.17,0,5,31,5,6,0.9659258262890683,0.25881904510252074,3.0,3.0,3.0,3.0,0.0,0.0,0.2055641393063912,0.1499996250009375,1
2026-05-31 09:17:31.322396,3,72.57,0.01,0.05,32.41,0.37,14.69,70.94,0,9,31,5,6,0.7071067811865476,-0.7071067811865475,3.0,3.0,3.0,3.0,0.0,0.0,0.2070763996747054,0.1351347699060273,1
2026-05-31 11:00:53.094663,3,72.54,0.01,0.05,32.34,0.37,14.73,71.75,0,11,31,5,6,0.258819045102521,-0.9659258262890682,3.0,3.0,3.0,3.0,0.0,0.0,0.2052961643861162,0.1351347699060273,1
2026-05-31 11:07:48.387593,3,72.54,0.01,0.05,32.34,0.37,14.73,71.75,0,11,31,5,6,0.258819045102521,-0.9659258262890682,3.0,3.0,3.0,3.0,0.0,0.0,0.2052961643861162,0.1351347699060273,1
2026-05-31 14:05:21.428758,3,72.68,0.0,0.07,33.12,0.37,14.19,68.27,0,14,31,5,6,-0.4999999999999997,-0.8660254037844388,3.0,3.0,3.0,3.0,0.0,0.0,0.2078511760970972,0.18918867786843824,1
2026-05-31 15:38:14.052167,3,72.85,0.0,0.08,33.64,0.37,14.3,68.43,0,15,31,5,6,-0.7071067811865471,-0.7071067811865479,3.0,3.0,3.0,3.0,0.0,0.0,0.208972669750509,0.21621563184964368,1
2026-05-31 17:18:55.088634,3,73.06,0.0,0.08,33.54,0.38,14.35,68.6,0,17,31,5,6,-0.9659258262890683,-0.25881904510252063,3.0,3.0,3.0,3.0,0.0,0.0,0.20918367042006314,0.21052576177431115,1
2026-05-31 17:42:36.802790,3,73.19,0.01,0.06,33.54,0.37,14.9,73.42,0,17,31,5,6,-0.9659258262890683,-0.25881904510252063,3.0,3.0,3.0,3.0,0.0,0.0,0.20294197489863833,0.16216172388723274,1
2026-05-31 19:37:46.284376,3,74.11,0.0,0.09,32.99,0.39,14.11,67.86,0,19,31,5,6,-0.9659258262890684,0.2588190451025203,3.0,3.0,3.0,3.0,0.0,0.0,0.20792808417435774,0.23076863905477166,1
2026-05-31 21:11:30.841036,3,74.33,0.0,0.09,32.99,0.39,14.14,67.94,0,21,31,5,6,-0.7071067811865477,0.7071067811865474,3.0,3.0,3.0,3.0,0.0,0.0,0.20812481295076815,0.23076863905477166,1
2026-05-31 23:12:04.278908,3,74.89,0.0,0.09,34.04,0.39,14.73,69.88,0,23,31,5,6,-0.25881904510252157,0.9659258262890681,3.0,3.0,3.0,3.0,0.0,0.0,0.21078992257026444,0.23076863905477166,1
2026-06-01 05:08:17.565994,3,74.27,0.02,0.07,36.09,0.41,15.59,73.43,0,5,1,6,0,0.9659258262890683,0.25881904510252074,3.0,3.0,3.0,3.0,0.0,0.0,0.21231104164086828,0.17073129089929054,1
2026-06-01 11:52:59.334698,3,74.23,0.01,0.05,32.63,0.37,14.89,74.22,0,11,1,6,0,0.258819045102521,-0.9659258262890682,3.0,3.0,3.0,3.0,0.0,0.0,0.2006197763322585,0.1351347699060273,1
2026-06-01 16:36:40.082151,3,75.75,0.0,0.08,33.87,0.38,14.16,70.25,0,16,1,6,0,-0.8660254037844385,-0.5000000000000004,3.0,3.0,3.0,3.0,0.0,0.0,0.20156583342966786,0.21052576177431115,1
2026-06-01 18:14:00.053859,3,76.32,0.0,0.08,34.8,0.38,14.43,71.4,0,18,1,6,0,-1.0,-1.8369701987210297e-16,3.0,3.0,3.0,3.0,0.0,0.0,0.2021008375055905,0.21052576177431115,1
2026-06-01 22:14:43.441567,3,77.37,0.0,0.08,37.82,0.4,16.28,78.27,0,22,1,6,0,-0.5000000000000004,0.8660254037844384,3.0,3.0,3.0,3.0,0.0,0.0,0.20799795313660469,0.19999950000125,1
2026-06-02 00:22:11.654353,3,77.61,0.0,0.09,39.47,0.42,17.23,82.57,0,0,2,6,1,0.0,1.0,3.0,3.0,3.0,3.0,0.0,0.0,0.208671427774356,0.21428520408284743,1
2026-06-02 05:57:42.296088,3,76.25,0.02,0.07,39.82,0.43,18.62,92.84,0,5,2,6,1,0.9659258262890683,0.25881904510252074,3.0,3.0,3.0,3.0,0.0,0.0,0.20056010124342846,0.1627903190922812,1
2026-06-02 10:52:01.859679,3,74.83,0.01,0.06,35.35,0.36,18.06,89.05,0,10,2,6,1,0.49999999999999994,-0.8660254037844387,3.0,3.0,3.0,3.0,0.0,0.0,0.2028074092890802,0.16666620370498972,1
2026-06-02 15:02:14.425158,3,74.56,0.0,0.1,33.68,0.32,15.97,77.4,0,15,2,6,1,-0.7071067811865471,-0.7071067811865479,3.0,3.0,3.0,3.0,0.0,0.0,0.20633074668823326,0.3124990234405518,1
2026-06-02 16:49:11.519273,3,75.03,0.0,0.1,33.89,0.33,15.73,75.3,0,16,2,6,1,-0.8660254037844385,-0.5000000000000004,3.0,3.0,3.0,3.0,0.0,0.0,0.20889773958967148,0.30302938475944013,1
2026-06-02 18:21:51.547937,3,75.27,0.0,0.1,34.46,0.33,15.81,76.26,0,18,2,6,1,-1.0,-1.8369701987210297e-16,3.0,3.0,3.0,3.0,0.0,0.0,0.20731707045217584,0.30302938475944013,1
2026-06-02 18:50:14.335006,3,75.53,0.0,0.09,35.56,0.32,16.08,78.47,0,18,2,6,1,-1.0,-1.8369701987210297e-16,3.0,3.0,3.0,3.0,0.0,0.0,0.20491907474297086,0.2812491210964966,1
